اسم الفيلم, تاريخ العرض, تصنيف الفيلم, مدة الفيلم (دقيقة), ملخص, تأليف, تمثيل, إنتاج, تصوير, مونتاج, ديكور, ملابس, موسيقى, إخراج, شركة إنتاج, توزيع
قلب المرأة, 6 مايو 1940,ﺭﻭﻣﺎﻧﺴﻲ,87,تدور أحداث الفيلم حول (خيرية)، الفتاة الثرية التي كانت مخطوبة لأحد أبناء عمومتها، وبعد أن تفقد أسرتها كل الثروة التي تملكها، يتخلى عنها ابن العم ويقترن بفتاة أخرى، وخلال بداية الأسرة من جديد لكي تقف على قدميها، تتعرف خيرية على (فايز) وترتبط به على الرغم من اعتراض العائلة عليه بسبب أصوله الاجتماعية المتواضعة على الرغم من كونه قد استطاع تكوين ثروة يعتد بها.,توجو مزراحي (أحمد المشرقي),"سليمان نجيب,أمينة رزق,دولت أبيض,عقيلة راتب,سلوى علام,زوزو نبيل,نادية أحمد,نينا زاكى,أنور وجدي,حسن فايق,فاخر فاخر,محمود المليجي,زكي إبراهيم,حسن مختار صقر,عزيزة محمد,مرجريت صفير,مختار عثمان,لطفي الحكيم",,عبدالحليم نصر,,,,,توجو مزراحي (أحمد المشرقي),,منتخبات بهنا فيلم
الورشة,28 نوفمبر 1940,ﺩﺭاﻣﺎ,105,يسافر الأسطى (علي عبدالرحمن) صاحب ورشة الميكانيكا مع زملاء في رحلة صيد إلى الصحراء تاركًا زوجته زينب وابنه مصطفى وأمه، وبينما هم في طريقهم تهب عاصفة يختفي بعدها الأسطى علي فيعتقد الجميع _بمن فيهم زوجته_ أنه مات، فيتولى (حسن) شقيق الأسطى علي أمور الورشة فلا يستطيع إدارتها ويتوقف العمل وتصبح مديونة للعمال بإجورهم فتحاول الزوجة (زينب) إدارة الورشة. يأتي الشاب (أحمد) لإصلاح عربته في الورشة وترتدي ملابس العمال، تتوطد علاقته بالزوجة معتقدًا أنها رجل، ثم يكتشف الحقيقة، ويقع في حبها، فيعرض عليها الزواج وفي ميعاد عقد قرانهما يظهر الأسطى علي فتعود الأمور إلى ما كانت عليه، ويقرر أحمد أن يوهب حياته للعمل الوطنى بأن ينضم إلى الجيش وأن يضحي بحبه.,"عزيزة أمير,محمود ذو الفقار","عزيزة أمير,محمود ذو الفقار,أنور وجدي,نجمة إبراهيم,عبدالسلام النابلسي,ثريا فخري,عمر وصفى,سرينا إبراهيم,حسن مختار صقر,ممدوح ذو الفقار,إستيفان روستي,عز الدين ذو الفقار",إيزيس فيلم,"أرام ماراليان,فيرى فاركاش (فرانسوا فاركاش)",,محمد كامل,,عبدالحميد عبدالرحمن,إستيفان روستي,إيزيس فيلم,منتخبات بهنا فيلم
تحت السلاح, 8 فبراير 1940,,101.4,أمينة فتاة من أسرة عريقة، تقرر العائلة زواجها من ابن عمها حكيم حفاظًا على الثروة، وبما أن هذا الزواج قد تم فرضًا فكانا يعيشان كالأغراب، تمر السنوات وتقوم الحرب فيصاب عادل ابنها بالحمى فينقل للمستشفى، تزوره والدته، وتتقابل مع الضابط خالد الذي تبهره بجمالها وهو لا يعرف أنها زوجة صديقة حكيم، يشك حكيم أن هناك علاقة بين أمينة وخالد فيدبر مؤامرة للانتقام منهما إلا أنه يتأكد من نقائها وإخلاصها,,"أحمد علام,زوزو شكيب,عباس فارس,محمد الديب,زينات صدقي,علي رشدي,فتحي الصافوري,بديعة صادق",ألفيزى اورفانيللى,,,,,,فؤاد الجزايرلي,ألفيزى اورفانيللى,
حياة الظلام, 1940,ﺩﺭاﻣﺎ,94,عائلة متوسطة الحال مكونة من زوج وزوجة وابنهما ، يحصل الابن على إجازة كلية الحقوق ، ويريد أن يكون ابنه محاميًا إلا أن الابن يريد أن يكون كاتبًا روائيًّا ، يلتف حول الابن أصحاب السوء فينساق وراءهم لحياة اللهو وينزلق إلى الهوة ويخون الأمانة ويتصرف في مال أبيه ويسرق مصاغ أمه لسد مطالب عشيقته مما يؤدي إلى وفاة أمه تهجره عشيقته بعد أن يفلس فيصاب بالجنون,"محمود كامل حسن,أحمد بدرخان","ميمي شكيب,محسن سرحان,روحية خالد,فردوس محمد,علية الحبشية,ثريا حلمي,ظريفة,الشيخة عزيزة,فؤاد شفيق,منسى فهمي,أنور وجدي,عبدالفتاح القصري,عبدالمجيد شكري,يحيى نجاتي,مصطفى الجزار,محمد ابراهيم,عباس بدوى,فؤاد فهيم,إدمون تويما,محمد الكحلاوي,عبدة السروجي,حسن بيومي,لولا صدقي,آمال حسين,حسين عيسى",محمد جمال الدين رفعت,محمد عبدالعظيم,جمال مدكور,"علي عابد,روبرت شارفنبرج",,"بيرم التونسي,عبدالحميد عبدالرحمن,محمد الكحلاوي,عزت الجاهلي","أحمد بدرخان,فريد الجندي",محمد جمال الدين رفعت,
صرخة في الليل,31 اكتوبر 1940,,110,لا تحفظ الزوجة الساقطة شرف زوجها الثرى فترتبط بعلاقة شائنة مع رجل فاسق دون علم الزوج ، وفى إحدى جولاتها تأخذ عشيقها إلى العزبة، وتكتشف الخادمة امر هذه الخيانة ولكنها لا تعلنها فى حينها . يدير العزبة ناظر تربط بينه وبين الزوج علاقة قوية ، تخشى الزوجة هذه ا,السيد زيادة,"بدر لاما,رجاء عبده,سميحة سميح,بشارة واكيم,منسى فهمي,فاخر فاخر",كوندور فيلم,إبراهيم شيبا,"بدر لاما,ألبير نجيب",محروس زيادة,,"فريد غصن,يوسف صالح",إبراهيم لاما,كوندور فيلم,منتخبات بهنا فيلم
أصحاب العقول, 1940,,101.4,كتب أحد المستكشفين الأوربيين إلى صديقه حمدي بك أنه توجد قبور لمومياء في ضواحي الإسكندرية لم تكتشف بعد، يدعوه حمدي للحضور ، ومعه زوجته وبعض من أصحابه، رأى أحد أصدقاء حمدي بأن الضيوف عددهم 13 وهو رقم يتشاءم منه الأوربيون ، فطلب من أحد خدم المنزل أن يقوم بتمثيل دور سلطان بلد خيالي ، ولم تكد تمضي 24 ساعة حتى تذهب أحلام الجميع أدراج الرياح ، فالمكتشف لم يكتشف إلا غرام زوجته بهذا السلطان، أما السلطان الخيالي فقد علمته الظروف ألا يطمع في زوجة غيره ، وأن يقنع بحب زوجته,,"بهيجة المهدي,بشارة واكيم,فوزي منيب,سليمان نجيب",افلام وادى النيل (فهمي داود وشركاه),ألفيزى اورفانيللى,,,,,ألفيزى اورفانيللى,افلام وادى النيل (فهمي داود وشركاه),
يوم سعيد,15 يناير 1940,اﺳﺘﻌﺮاﺿﻲ,125,"(محمد كمال) شاب بسيط يهوى الموسيقى والغناء، ويعطف عليه أصحاب البيت الذى يسكن فيه. يلتقى في الترام بفتاة يحبها وتبادله مشاعره بعد أن كسر لها الاسطوانة، إلا ان والدها يعترض على هذه العلاقة مستندًا إلى فقر هذا المطرب وفشله، وتحاول ""أمينة"" مع والدها الذى يوافق على مقابلته، لكن تصادف أن يوم المقابلة يوافق يوم احتفال عند ""الهانم"" التى يعمل عندها والد الفتاة فيحاول الاعتذار عن الحفل للقاء خطيب ابنته سهير، لكن له فرصة للغناء. تعجب به هذه السيدة الثرية وتحاول إثناء الوالد عن هذه الخطبة لأن هذا الشاب لا يصلح استمالته وإغراءه بالمجد والشهرة إذا وافق أن يكون لها، لكنه لا يوافقها على ما تستميله إليه، ثم تعرض عليه ان يغنى فى حفلة تقيمه بعزبتها، وبالفعل يسافر إلى هناك ليكتشف اكتشافًا جديدًا فيما يتعلق بحبه، وتتوالى الأحداث.","محمد كريم,عبدالوارث عسر,عباس علام","محمد عبدالوهاب,علوية جميل,فاطمة محجوب,فاتن حمامة,شعبان نجيب,عبدالوارث عسر,فردوس محمد,فؤاد شفيق,إلهام حسين,سميحة سميح,بديعة صادق,أحمد علام,مصطفى راشد,سعيد أبو بكر,أمين وهبة,فردوس حسن,عفيفة إسكندر,عباس فارس",أفلام عبدالوهاب,"محمد عبدالعظيم,جورج بنوا,بريما فيرا,مصطفى حسن",محمد كريم,حسين رستم,,"محمد عبدالوهاب,أحمد رامي,عزت الهجين,بشارة الخوري,بيرم التونسي,حسين السيد,أحمد شوقي,أسمهان",محمد كريم,أفلام عبدالوهاب,
الباشمقاول,18 يناير 1940,ﻛﻮﻣﻴﺪﻱ,85,"تدور أحداث الفيلم حول المحامي ""ممتاز"" الذي يهوى مغازلة النساء، رغم زواجه، ويستمر بخيانة زوجته، حتى تقرر أن تلقنه درساً بالاتفاق مع صديقتها، حيث تتظاهر بخيانته مع رجل آخر، فهل تنطلي الحيلة على ""ممتاز"" ويصدق ""خيانة زوجته له؟ أم يفهم الدرس ويكف عن خيانتها؟","بديع خيري,توجو مزراحي (أحمد المشرقي)","فوزي الجزايرلي,ميمي شكيب,إحسان الجزايرلي,زوزو شكيب,فردوس محمد,تحية كاريوكا,زكية إبراهيم,مرجريت صفير,إيزابيل,بشارة واكيم,حسن فايق,أحمد الحداد,كيرياكو بيتريدس,حسين عيسى,بير ميسى","توجو مزراحي (أحمد المشرقي),عبدالحميد زكي","محمود نصر,عبدالحليم نصر",,,,فريد غصن,"توجو مزراحي (أحمد المشرقي),إبراهيم حلمي","توجو مزراحي (أحمد المشرقي),عبدالحميد زكي",منتخبات بهنا فيلم
فتاة متمردة,18 مايو 1940,,110,"درية طالبة فى مدرسة داخلية، تربطها علاقة حب بشاب وسيم أحبها فخاصم كل أفعال العربدة والسهر والصالات التى كان يرتادها، ويقرر الزواج من حبيبته كبداية لحياة الاستقامة وحين يتقدم لأمها يكتشف أنها إحدى راقصات وغانيات أحد الملاهى التى كان من روادها. يفاجأ الجميع بذلك حتى ""درية"" التى لم تكن تعلم عن أمها شيئًا، يهرب الشاب من هذا الموقف العصيب ليتحطم قلب ""دريه"" لفراقه وتصاب الأم بالشلل متأثرة بما حدث لابنتها وأنها كانت سببًا فى ذلك، كما يعانى الشاب من المرض أيضًا لفراق ""دريه"" وتأثره بما حدث. يستمر المرض بأم ""دريه"" إلى أن تحتاج إلى المال، فتلجأ لنفس الملهى اليلى التى عملت فيه أمها العاجزة الآن وتعمل به كراقصة أيضًا لتستطيع أن تنفق على أمها، وتعلم ""دريه"" بمرض حبيبها وتتألم كثيرًا لفراقه ويعلم هو بعملها فيعرف أنه لا سبيل لإسعاد  هذا القلب المريض، تموت الأم بعد كثير من الأحداث المأساوية وتحزن ""دريه"" حزنًا شديدًا ثم تترك عملها فى الملهى لتعمل ""خياطه"" حتى تستطيع العيش، يعرف حبيبها ويعود ليواسيها فيعلم بتركها الملهى الذى اضطرت للعمل فيه لنفس حاجة مرض أمها ويلتقى الحبيبان من جديد ليعود الحب يشفى أحزان القلوب ويتزوجان.",أحمد جلال,"ماري كويني,محسن سرحان,أنور وجدي,عباس فارس,بديعة مصابني,ثريا فخري,يوسف صالح,بشارة واكيم,زوزو شمس الدين,فؤاد المصرى,إبراهيم مصطفى,آسيا داغر",لوتس فيلم (آسيا وشركاها),"عبدالمنعم صبحى,توليو كيارينى",ماري كويني,,,"يوسف صالح,عبدالعزيز سلام,فريد غصن,ماري كويني,شمس الدين,أمين صدقي","أحمد جلال,محمد زكى محمود",لوتس فيلم (آسيا وشركاها),منتخبات بهنا فيلم
رجل بين امراتين, 7 اكتوبر 1940,,95,يتعرف رافت الرسام على امال عبد الشافى وهو يصطاد وذات يوم يحدد موعدا للقاء وفي الموعد المحدد ينتظر رافت امال وبينما هى قادمة متلهفة وقبل ان تصل اليه بخطوات تصدمها سيارة فلا يتمكن رافت من رؤية حبيبته لذا فانه لم يتحرك من مكانه ولا يدرى ان امال هى المصابة ويعود ساخطا يتهمها بالغدر والاهمال وبينما هو يعيش فى جحيم الياس كانت هى فى المستشفى تهذى باسم الحبيب يقترح صديقه فهمى على رافت ان يروح عن نفسه فاوحا الى زميلته ثريا ان تساعده فى ذلك حتى ينسى حب امال تعطف ثريا عليه الى ان يحبها وينسى امال وتخرج امال من المستشفى بعد ان شرح الطبيب لمربيتها ان صدمة العمود الفقرى سببت لامال مرض السل وبينما يعد رافت وثريا العدة للحياة الزوجية فان امال تترك لرافت فى عمله موعدا للقاء بعد ان شرحت له ما حدث لها يعود رافت لحب امال ويصبح في صراع بين ثريا وامال يلتقى رافت بامال التى اخبرته انها خطبت بعد ان عرفت حقيقة مرضها من مربيتها وارادت بذلك الخبر الا تكون سببا فى شقائه ولم يجد رافت ما يزيل عنه الحزن سوى الاندفاع فى شرب الخمر واهمال نفسه يلتقى الحبيبان مصادفة وتعترف له امال بمرضها لكنه لا يقطع من املها فى الشفاء وفعلا يتم شقاؤها ويتزوج الحبيبان.,السيد زيادة,"بدر لاما,أمينة رزق,بدرية رأفت,فردوس محمد,عبدالمجيد شكري,سامي نعمان,محمود المليجي,ثريا فخري,سامى نعسان,زوزو شمس الدين,احمد عبدالله",كوندور فيلم,عبدالله الشيب,"ألبير نجيب,بدر لاما","ستوديو لاما,محروس زيادة",,"يوسف صالح,سامي نعسان,أمينة رزق,بدر لاما,زوزو شمس الدين,فريد غصن",إبراهيم لاما,كوندور فيلم,منتخبات بهنا فيلم
عاصفة على الريف, 1 اكتوبر 1941,,110,,"بديع خيري,أحمد بدرخان,يوسف وهبي","يوسف وهبي,أمينة رزق,راقية إبراهيم,زوزو نبيل,حسين رياض,فاخر فاخر,محمود المليجي,عبدالعزيز خليل,مختار عثمان,حسن البارودي",,فرانسوا فاراكاش,ألبير نجيب,ولي الدين سامح,,"يوسف صالح,زكريا أحمد",أحمد بدرخان,,ستوديو مصر
عريس من استنبول, 1 ديسمبر 1941,,115,يطلب الجد فاروق باشا من حفيده محسن أن يتزوج من ابنه عمه سميرة التى تعيش فى مصر وإلا حرمه من الميراث، فيقبل محسن على مضض ويأتى إلى مصر بصحبة والده الذى يشجعه على الزواج وإلا ضاع الميراث، وحين تعلم الفتاة بهذه الزيجة ترفضها حيث أنها لم تر محسن من قبل، فتوصى الخادمة حكمت بانتحال شخصيتها لتختبر هذا العريس الاستانبولى ويفعل محسن نفس الشىء، إذا يتبادل هو وسائقه راشد الأدوار، وتحدث المواقف الهزلية الضاحكة والملابسات من اختلاط الشخصيات ويتعرف السائق المزيف على الخادمة المزيفة ليتحابا، بينما يقابل والد الفتاة زوجة أخيه المتوفى فيقع فى غرامها ايضًا، وأخيرًا يعشق السائق الحقيقى راشد الخادمة الحقيقية حكمت. وفى النهاية يصل الجد لتتكشف كل الحقائق ويصر على تنفيذ شرطه وإلا حرم الجميع من الميراث فيوافق الجميع ليحدث هذا الزواج الجماعى: السائق من الخادمة، والعم من زوجة أخيه المتوفى والعريس الاستانبولى من العروسة المصرية (انظر فاطمة وماريكا وراشيل),يوسف وهبي,"يوسف وهبي,راقية إبراهيم,بشارة واكيم,مختار عثمان,محمود المليجي,فاخر فاخر,فيكتوريا حبيقة,حسين إبراهيم,لطفية نظمي,عبدالغني السيد,محمد الكحلاوي,حياة محمد,ببا إبراهيم,لطفي الحكيم,فتحية علي,زكي إبراهيم",نحّاس فيلم,"سام بريل,عبدالحليم نصر",,ستوديو وهبى,,,"يوسف وهبي,أحمد كامل مرسي,عبدالسلام النابلسي",نحّاس فيلم,
إلى الأبد, 3 مارس 1941,,110,يلتقي (محسن) الثري بمنافسه اللدود (عاصم)، وتنشأ بينهما مشادة كلامية يفقد على إثرها (محسن) وعيه، تقوم الممرضةالفقيرة (سنية) بإسعافه، يشعر بالامتنان لها، ويربط الحب بينهما، ويقدم لها هدية، ويقرر الزواج منها. تشعر (كوثر) هانم بالغيرة، وتقرر إفساد الزيجة، ويساعدها (عاصم) بإيهام (محسن) بوجود علاقة بين (عاصم) و(سنية)، فتدب الخلافات بين الزوجين، ويعتقد (محسن) بأنها تخونه.,"كمال سليم,سليمان نجيب,بديع خيري","فاطمة رشدي,سليمان نجيب,راقية إبراهيم,زوزو حمدي الحكيم,عباس فارس,زكي رستم,عبدالعزيز خليل,فردوس محمد,ماري منيب,محمود رضا,حسن كامل,محمد عطيه,صفا الجميل (صفا محمد),عزيز عيد",,فرنسوا فاركاش,كمال الشيخ,ولي الدين سامح,,,كمال سليم,,ستوديو مصر
الفرسان الثلاثة,15 مايو 1941,ﻛﻮﻣﻴﺪﻱ,105,(بحبح، شيحة وسنقر) ثلاثة زملاء يعملون فى جريدة يشترط رئيس تحريرها (عامر) للعمل فيها شرط عدم الزواج وكان كل منهم متزوجًا ويخفى زواجه، يذهب الثلاثة إلى فندق بحلوان للنقاهة وهناك يلتقون (حسنية) التي تبحث مع عمها عن عريس ثري، وتبدأ في نصب شباكها عليهم، لتتصاعد الأحداث.,"بديع خيري,توجو مزراحي (أحمد المشرقي)","فوزي الجزايرلي,عقيلة راتب,إحسان الجزايرلي,فردوس محمد,محمد الديب,حسين المليجي,فؤاد شفيق,بشارة واكيم,أحمد الحداد,ألفريد حداد,حسن صالح,حسن راشد,لطفي الحكيم,علي عبدالعال","عبدالحميد زكي,توجو مزراحي (أحمد المشرقي)","عبدالحليم نصر,محمود نصر",,"محمد جلال,عبدالحميد السخاوي",,,"توجو مزراحي (أحمد المشرقي),إبراهيم حلمي","عبدالحميد زكي,توجو مزراحي (أحمد المشرقي)",منتخبات بهنا فيلم
ليلى بنت مدارس,16 اكتوبر 1941,اﺳﺘﻌﺮاﺿﻲ,120,تدور أحداث الفيلم حول يوسف المحامي الشهير شديد الصرامة الذي يستقبل  بقصره ابنة عمه (ليلى) اليتيمة بعد ان انهت دراستها  فتنقل ليلى جو المرح والبهجة الى القصر، ويتغير يوسف ويقبل على الحياة لكنه يقع فى حب امرأة خائنة، وتحاول ليلى نصحها لكن يعتقد يوسف الى ليلى هي التي لها عشيق  فيطردها من بيته .,توجو مزراحي (أحمد المشرقي),"يوسف وهبي,ليلى مراد,ميمي شكيب,محسن سرحان,بشارة واكيم,زكي إبراهيم,عقيلة محمد,محمد كامل",,"عبدالحليم نصر,محمود نصر",توجو مزراحي (أحمد المشرقي),عبدالحميد السخاوي,,"زكريا أحمد,محمد القصبجي,بديع خيري,أحمد رامي,رياض السنباطي","توجو مزراحي (أحمد المشرقي),إبراهيم حلمي,ألفريد مزراحي",,"القومية للتوزيع والتجارة فيلم (طه زعفران طنطاوى),منتخبات بهنا فيلم"
امرأة خطرة,10 ابريل 1941,ﺩﺭاﻣﺎ,115.0,,,"آسيا داغر,حسين صدقي,عباس فارس,روحية خالد,زينب صدقي,ليلى حلمى",,,,,,,,,منتخبات بهنا فيلم
سي عمر, 6 يناير 1941,ﻛﻮﻣﻴﺪﻱ,120,يعمل جابر (نجيب الريحاني) موظفًا في عزبة عمر الألفي، ويُطرد من وظيفته بعد أن يكتشف الكثير من التلاعب والتزوير في إيرادات ومصروفات العزبة، وبعد سفره للقاهرة بحثًا عن عمل، تقوده المصادفة البحتة للوصول إلى منزل عائلة عمر الألفي، مما يدفع أفراد الأسرة للظن بأنه هو ابنهم (عمر) الغائب منذ فترة طويلة نظرًا للتشابه الكبير بينهما.,"بديع خيري,نجيب الريحاني","نجيب الريحاني,زوزو شكيب,عبدالفتاح القصري,محمد كمال المصري (شرفنطح),إستيفان روستي,ميمي شكيب,سراج منير,ماري منيب,عبدالعزيز أحمد,عبدالعزيز خليل,حسن كامل,فيكتوريا حبيقة,رشاد حامد,فيوليت صيداوي,بديعة صادق,عبدالعزيز الجاهلي,على عبدالقادر,اجلال زكي,فؤاد الرشيدي,علي عبدالعال,إسكندر منسي,علي كامل,محمد ابراهيم,أحمد شكري,حسن امام ,محمد السباعى",,"محمد عبدالعظيم,مصطفى حسن,أحمد خورشيد","نيازي مصطفى,جلال مصطفى","روبرت شارفنبرج,علي عابد",,"محمد حسن الشجاعي,رياض السنباطي,بديعة صادق,إبراهيم حسين,محمد الكحلاوي","نيازي مصطفى,إبراهيم عمارة",,ستوديو مصر
مصنع الزوجات, 9 اكتوبر 1941,,115,يحاول فاضل العاطل، وزميلاه عزيز، وحمدى شق طريقهم للحياة، وهم من حملة الشهادات العليا، لكن الحظ لا يكلل مسعاهم بالنجاح، يزور فاضل عمته علوية التى تدير معهدًا خاصًا للبنات بطريقة تقليدية، ويطلب العمل بالمعهد، لكنها ترفض، يقرر الثلاثة تأسيس معهد حديث، أشبه بمعهد العمة لمنافستها، فى تعليم الفتاة أن تكون عصرية، لكنهم يفشلون، فيعود فاضل إلى العمة، وينجح الثلاثة فى إدارة المعهد، لكن تفيدة، وكيلة المعهد، تعترض على الإدارة الحديثة، وتقوم سميرة بتعضيد حمدى، وتساعده ويشتد الصراع بين القديم والحديث.,"نيازي مصطفى,فهيم حبشي,بديع خيري","كوكا,محمود ذو الفقار,دولت أبيض,أنور وجدي,عبدالفتاح القصري,إحسان الجزايرلي,عبدالعزيز خليل,فؤاد فهيم,ماري منيب,عبدالوارث عسر,ليلى فوزي,ثريا حلمي,أمينة نور الدين,محمد توفيق,عبدالعزيز أحمد,زوزو نبيل,إسماعيل يس,سعاد أحمد,محمد أمين,جمالات زايد,محمد إدريس,شهرزاد","عبدالفتاح حسن,ستوديو مصر","محمد عبدالعظيم,ستوديو مصر","نيازي مصطفى,جلال مصطفى","ولي الدين سامح,أنطوان بوليزويس",,"محمد حسن الشجاعي,زكريا أحمد,رياض السنباطي,محمود الشريف,عزت الجاهلي,محمد الكحلاوي,إبراهيم حسن,عبدالحليم نويرة,حليم الرومي,بديع خيري,عزيز صادق,إبراهيم حجاج","نيازي مصطفى,إبراهيم عمارة","عبدالفتاح حسن,ستوديو مصر",ستوديو مصر
صلاح الدين الأيوبي,14 سبتمبر 1941,,115,يعقد المسلمون والصليبيون هدنة أثناء مرض ريتشارد قلب الأسد ، وينتهز الشباب العرب  هذه الفرصة من أجل الانضمام إلى جيوشهم فى أورشليم ، ومن بين هؤلاء سيف الدين الذى يخفى هويته التى يعرفها الأمير خالد . يتجه الشاب نحو القدس ، ويكتسب ثقة السلطان الذى يكلفه بالس,السيد زيادة,"بدر لاما,بدرية رأفت,منسى فهمي,بشارة واكيم,محمود المليجي,أنور وجدي,حسن حلمي,عز الدين الترجمان, حليم الرومي,سيد نصير,حمدى مصطفى,ثريا فخري,يوسف صالح,إبراهيم عبده,فوزية أحمد,فاخر فاخر, فؤاد يوسف,صفية حلمي,حليم,سمير عبدالله لاما,احمد صادق","كوندروفيلم,ستوديو لاما","إبراهيم شيب,جورج سعد","بدر لاما,ألبير نجيب","بدر عبدالله,محمد كمال الدين",فيفى أحمد,"حليم الرومي,سامى نعسان,محمود الشريف,فريد غصن,يوسف صالح",إبراهيم لاما,"كوندروفيلم,ستوديو لاما",منتخبات بهنا فيلم
ألف ليلة وليلة,20 مارس 1941,ﻣﻐﺎﻣﺮاﺕ,115,صياد يدعى عثمان، يعثر أثناء صيده على طفل صغير في سلة عائمة، فينتشله ويربيه ويعلمه الصيد. يتم القبض على عثمان ويدخل السجن لقيامه بالصيد في منطقة محرمة، وتدخلت ابنة الأمير لإطلاق سراحه. يعثر عثمان على قمقم وهو يصطاد ذات يوم، يفتحه فيخرج منه عفريت يكافئ عثمان بعصا سحرية، وبعدها يبلغه أن ابنه مرجان في خطر داهم، فيذهب لإنقاذه ويكتشف حقيقة قصته وهوية والديه الحقيقيين.,توجو مزراحي (أحمد المشرقي),"علي الكسار,عقيلة راتب,حامد مرسي,علي عبدالعال,زكية إبراهيم,رياض القصبجي,لطفي الحكيم,عبدالعزيز الجاهلي,سعاد أحمد,عباس الدالي,عزيزة محمد,علي كامل,زوزو نبيل,توفيق صادق,زكي إبراهيم",,عبدالحليم نصر,,,,,توجو مزراحي (أحمد المشرقي),,
ليلى بنت الريف, 1 فبراير 1941,,115,"تستدعى الأم المريضة ابنها فتحى من القاهرة إلى قرية الشمايلة. وفتحى لم يمارس الطب رغم دراسته ببريطانيا بسبب حياة اللهو والعبث. تحتفظ به الأم فى القرية لتقربه من ابنة خالته ليلى الثرية وتحاول أن تجمع بينهما. لكنه يرفض أن يتزوج من فلاحة فتهدده الأم بحرمانه من الميراث فيقبل الزواج ويأخها معه إلى القاهرة حيث الحياة تختلف وينصرف إلى حياة العابثين وتحتفظ ليلى بطبيعتها الريفية التى سخر منها أصدقاؤه وخدمه. تمر الأيام وكل من الزوجين فى واد. ومن أصدقاء فتحى اللذين يمارسون الحياة البوهيمية يظهر عزت النصاب المغامر وما إن يعرف بثروة ليلى حتى يحاول التقرب منها مستغلاً سذاجتها ونفورها من زوجها الذى أهملها. تضبط ليلى فتحى مع عشيقة فتقرر العودة إلى عزبة الشمايلة لكى تطلب الطلاق فترسل خطابا إلى خالها كى يأتى ليخلصها مما هى فيه. فى نفس الوقت ترسل خطاباً لزوجهعا برغبتها فى الطلاق مع عزت الذى يستثمر الموقف جيدا. حين يصل الخال إلى ليلى تأتى فجأة ""سميرة"" وهى فتاة قاهرية كانت زميلة لليلى فى صباها. التى تنجح فى تغيير ليلى إلى فتاة عصرية تعى الممارسة الاجتماعية ثم تقدمها لفتحى الذى ينبهر بها مجدداً علاقته الزوجية، إلا أن ليلى تسقيه من نفس الكأس فتصده عنها وتحاول أن تجعل منه طبيباً ناجحاً، أثناء ذلك يحاول عزت التقرب مرة أخرى من ليلى التى تصده بعنف بعد أن تعلمت صد الذئاب من ""سميرة""، فينحو إلى الانتقام ويتذكر خطابها القديم الذى لم يسلمه إلى زوجها ويستخدمه فى حيلة ماكرة ليقنع بها فتحى أن ليلى تخونه وبالفعل يدبر الأمر ليراها فتحى فى أحضان عزت بينما تحاول تصده، فيصدق فتحى خيانتها ويطلقها لتعود إلى الريف وتلتقى بشاب ريفى يعرض عليها الزواج، لكنها لم تقطع الأمل فى رد فتحى لها الذى تغير وعاد إلى الطب وأصبح مشهوراً غلى أن يقوم بإجراء عملية جراحية لشاب أصيب فى حادث ويكتشف أنه عزت ورغم ذلك ينقذه، وعندما يشفى عزت يعترف لفتحى بالدور الوضيع الذى هدم به حياته فيعود فتحى إلى العزبة ليلة زفاف ليلى إلى إبراهيم - الشاب الريفى - لينتزعها ويحملها بين ذراعيه مردداً أنه عرف قيمة الفلاحة.",توجو مزراحي (أحمد المشرقي),"يوسف وهبي,ليلى مراد,بشارة واكيم,زوزو شكيب,أنور وجدي,فردوس محمد,حسن البارودي,تحية كاريوكا,فاخر فاخر,سلوى علام,عبدالسلام النابلسي,سعاد عبده,محمد كامل,لولا صدقي",,"عبدالحليم نصر,ميشيل كروانة",توجو مزراحي (أحمد المشرقي),,,"زكريا أحمد,محمد حسن اسماعيل,بديع خيري,رياض السنباطي","توجو مزراحي (أحمد المشرقي),أحمد كامل مرسي,ألفريد مزراحي",,القومية للتوزيع والتجارة فيلم (طه زعفران طنطاوى)
انتصار الشباب,24 مارس 1941,اﺳﺘﻌﺮاﺿﻲ,125,يكافح وحيد الملحن الشاب (فريد الاطرش) مع أخته المطربة نادية (اسمهان) في سبيل الرزق . يعثران على عمل بأحد الملاهي إلا أن المدير (بشارة واكيم) يطردهما لامتناع نادية عن مجالسة الرواد . يعانيان من العذاب والتشرد . تقع نادية في حب الثري محيي (أنور وجدي) الذي يتفق معها على الزواج ولكن والدته (علوية جميل) تعارض . أما وحيد فهو يحب أيضًا فتاة ثرية ويتفق مع أخيها على الزواج منها . يتزوج محيي من نادية غير عابئ بأمه وينجح وحيد في تقديم الأوبريت التي كان يحلم بإخراجه .,"بديع خيري,أحمد بدرخان,عمر جميعى","أسمهان,فريد الأطرش,أنور وجدي,بشارة واكيم,عبدالسلام النابلسي,علوية جميل,إستيفان روستي,فؤاد شفيق,حسن فايق,حسن كامل,روحية خالد,إدمون تويما,عبدالفتاح القصري,ثريا فخري,عزيز صادق,سامية جمال,جراسيا قاصين,صالحة قاصين,محمود إسماعيل,محمود رضا,لطيفة أمين,عبدالعظيم كامل,عصمت عبدالعليم,ماري منيب,عبدالمنعم إسماعيل,لطفي الحكيم",أفلام النيل (جبرائيل تلحمى),فرانسوا فاراكاش,"هنري بركات,جمال مدكور","ستوديو نصيبيان,جعفر والى",,فريد الأطرش,"أحمد بدرخان,محمد عبدالجواد",أفلام النيل (جبرائيل تلحمى),أفلام تلحمى (تلحمى اخوان)
ابن الصحراء,11 فبراير 1942,,110,يشتهر الشيخ معروف حاكم إحدى القبائل بالصحراء بالح-كمة والعدل والرحمة، إلا أن بعضًا من الأشرار كان يحقد عليه ويحسده. وفى ذات ليلة تمكنوا من اعتياله ولم يكن بين قومه من يخلفه فى الحكم غير ولده بدر الدين الذى كان يتلقى تعليمه بالقاهرة. ولذلك يتمكن هؤلاء الأشرار من اغتصاب الحكم وسلموا زمامه غلى الشيخ منصور. لكن بطاح أحد المغامرين كان هو الحاكم الحقيقى من وراء الستار حيث كان يفرض الإتاوات على الضعفاء من أهل القبيلة حتى ضج الجميع .. وأخيرًا يعود بدر الدين ابن الشيخ معروف بعد أن أتم دراسته حيث يستحثونه لتولى شئون القبيلة، وهنا قامت فى رأس بدر الدين فكرة الظهور أمامهم بالضعف والتراخى وفجأة ظهر بين أفراد القبيلة فارس غريب (مقنع) يظهر وقت اللزوم يقهر الشرير وينصر الضعيف، إلى أن تقدم غلى بطاح الشرير وقتله وهنا رفع الفارس المجهول اللثام عن وجهه ولم يكن سوى بدر الدين ابن الصحراء.,السيد زيادة,"بدر لاما,روحية خالد,إحسان الجزايرلي,مختار عثمان,أنور وجدي,محمود المليجي,حسن كامل,درية أحمد","أفلام لاما المصرية,ستوديو لاما",إبراهيم شيبا,"بدر عبدالله,أحمد إسماعيل",محروس زيادة,,"يوسف صالح,سامى نعسان,سامي نعمان","إبراهيم لاما,السيد زيادة","أفلام لاما المصرية,ستوديو لاما",نحّاس فيلم
ليلة الفرح, 3 يناير 1942,ﺩﺭاﻣﺎ,105,"يطلق الأب زوجته وتعيش ابنته ""سلمى"" معه، إلا أنه يتزوج من فتاة صغيرة لعوب تخونه مع ممثل مسرحي يدعى ""رياض"" والذى يباهي بخيانته أمام صديقه المؤلف المسرحي ""حازم""، يتصادف أن تلتقي ""سلمى"" ""بحازم"" في نفس القطار حيث كانت مسافرة إلى عزبة والدها الثري وكان ذاهبًا في زيارة صديقه ""رياض""، وفي العزبة تعرف ""سلمى"" بأمر خيانة زوجة أبيها مع ""رياض""، ويعرف ""حازم"" أن ""سلمى"" ابنة هذا الرجل الذي يغافله ""رياض"" مع زوجته فيتمسك بها حتى يربط الحب بين قلبيهما، بعد ذلك تتعرف الزوجة الخائنة على ""جميل بك"" وتقرر أن تنقذ والدها فتخبره بأمر خيانة زوجته فيثور غاضبًا ليطلقها، وأخيرًا تبدو ""سلمى"" كبطلة في عمل مسرحي من تأليف ""حازم"" ليجمع بينهما الحب في نهاية العرض.","عزيزة أمير,محمود ذو الفقار","عزيزة أمير,محمود ذو الفقار,بشارة واكيم,زوزو شكيب,نجمة إبراهيم,فردوس محمد,صفية حلمي,عزيزة حلمي","ستوديو نصيبيان,إيزيس فيلم","سامى بريل,حسن داهش",فاهى بوباجيان,محمد كامل,,على عزت صقر,محمد كريم,"ستوديو نصيبيان,إيزيس فيلم",منتخبات بهنا فيلم
استوديو مصر, 1942,,105.6,فيلم قصير من إنتاج أستديو (مصر) ، يظهر فيه العديد من نجوم السينما في ذلك الوقت لارتجال بعض الكلمات عن أستديو (مصر) ، وأهميته ، ومساهمته الفعالة في إنتاج الكثير من الأفلام . كما يتحدث البعض عن خواطره ، أو يوجه كلامه إلى جمهور السينما .,,,سليمان نجيب,,,,,,,سليمان نجيب,
أحب الغلط, 1 يناير 1942,ﺩﺭاﻣﺎ,100,تدور قصة الفلم حول راقصة شابة (بدوية) التي تحب الرقص والسينما ، تذهب إلى أحد المخرجين لتعرض عليه رقصتها ، ولكن بالصدفة تقابل طبيبا شابا (علوي) ، ويقعان في حب بعضهما ، يدلها على مخرج كان لحسن حظها يبحث عمن تقوم بدور البطولة في فيلمه الجديد (كليوباترا) ، وعندما يراها يقبلها لأداء الدور ، ويعرض (علوي) الخطوبة على (بدوية) ، وتوافق ، ولكن يثور والده بسبب هذه الخطوبة ، ويهدده بالحرمان من الميراث ، وتعرف (بدوية) باعتراض والد (علوي) عليها لأنها راقصة ، وتتوالى الأحداث .,"بديع خيري,حسين فوزي","تحية كاريوكا,حسين صدقي,فؤاد شفيق,منسى فهمي,أنور وجدي,إسماعيل يس,فردوس محمد,أمينة شريف,بشارة واكيم,حسن أتلة,آمال حسين,عبدالرحمن فوزي,شفيق نور الدين,جينا",إميل يزبك,"أحمد خورشيد,مسعود عيسى",حسين فوزي,"ستوديو لاما,كامل الحفناوي",,"بيرم التونسي,عبدالعزيز سلام,عبدالحليم نويرة,فريد غصن","حسين فوزي,فؤاد مشيل",إميل يزبك,نحّاس فيلم
لو كنت غني,26 نوفمبر 1942,ﺩﺭاﻣﺎ,100,تدور أحداث الفيلم حول حلاق فقير يدعى محروس (بشارة واكيم)، والذي يحلم طوال الوقت بالثراء، ويتحقق هذا الحلم في يوم من الأيام عندما يموت قريبه الشحاذ، الذي يجد في منزله الكثير من الأموال، مما يؤدي إلى تغير حال عائلة محروس بأكملها، ويقومون بالانتقال للعيش في الزمالك، ولكن لا يدرك أفراد العائلة ما ينتظرهم من جراء أعمالهم الطائشة.,أبو السعود الإبياري,"بشارة واكيم,إحسان الجزايرلي,عبدالفتاح القصري,يحيى شاهين,سميرة كمال,محمد الديب,حسن كامل,إسكندر منسي,ثريا حلمي,إبراهيم مصطفى,إبراهيم محب,أحمد درويش,سعدية,سعاد حسين",لوتس فيلم (آسيا وشركاها),عبدالحليم نصر,هنري بركات,عبدالحميد السخاوي,,,"هنري بركات,يوسف معلوف",لوتس فيلم (آسيا وشركاها),منتخبات بهنا فيلم
المتهمة,18 مايو 1942,ﺩﺭاﻣﺎ,105,ينجح وكيل النيابة (كامل) في إدانة (عثمان برعي) الذي يعد من أعتى تجار المخدرات، وتقرر زوجة (برعي) أن تنتقم من وكيل النيابة، فتحدث وقيعة بينه وبين زوجته (سميحة)، فيعتقد (كامل) أن زوجته تخونه، فيطلقها ويطردها من المنزل، وبعد أن يكتشف الحقيقة ويحاول البحث عنها، يعرف أنها قد قفزت في النيل، فيسافر مع الابن خارج البلاد، وتنصرف (سميحة) بعد انقاذها من الغرق إلى حياتها الجديدة التعيسة، إلى أن يكشف لها القدر بعد سنين عما لم يكن في الحسبان.,"هنري بركات,فتوح نشاطي,يوسف جوهر","آسيا داغر,زكي رستم,أشرف أباظة,يحيى شاهين,عبدالعزيز خليل,عبدالفتاح القصري,أمينة نور الدين,زينب  صدقى,آمال زايد,محمود رضا,فردوس محمد,سامية فهمي,عبدالرحمن جميل,إبراهيم مصطفى,حسين فياض,ثريا فخري,محمد كامل,محرم عثمان,محمد راغب,ببا إبراهيم,أحمد درويش,عبدالمنعم إسماعيل",لوتس فيلم (آسيا وشركاها),"سامى بريل,عبدالحليم نصر",هنري بركات,عبدالحميد السخاوي,,"زكريا أحمد,حسن مختار","هنري بركات,فؤاد شبل",لوتس فيلم (آسيا وشركاها),منتخبات بهنا فيلم
ممنوع الحب, 1 فبراير 1942,ﺩﺭاﻣﺎ,120,يصل لعزيز تلغراف كاذب بوفاة والده عبد الغفار باشا، وفي القطار يتقابل مع فكرية ابنة العدو اللدود لوالده ، يعرف حقيقة استدعائه للبلدة حتى يناصر والده في حملته العدائية لأبي المجد والد فكرية إلا أنه يحاول الصلح بين الطرفين، وفي نفس الوقت يحاول التقرب من فكرية وتتوالى الأحداث.,"عباس علام,محمد كريم","محمد عبدالوهاب,رجاء عبده,عبدالوارث عسر,أمين وهبة,ليلى فوزي,ثريا فخري,عبدالعزيز خليل,زينات صدقي,محمد أمين,عزيزة بدر,منير الفنجري,حسن كامل,مديحة يسري,محمد راغب,عبدالحميد زكي,فرج النحاس,احمد مختار,عبدالمنعم إسماعيل,سامية جمال",أفلام عبدالوهاب,محمد عبدالعظيم,,ولي الدين سامح,,"عزيز صادق,مأمون الشناوي,محمد عبدالوهاب,حسين السيد",محمد كريم,أفلام عبدالوهاب,
على مسرح الحياة, 9 ابريل 1942,ﺩﺭاﻣﺎ,95,يعمل كل من رشدي ورمزية في مجال النشاط الاجتماعي، ويحاولان مساعدة وفية شقيقة رمزية المخطوبة لرجل خائن، فيروجان شائعة مفادها أن وفية مريضة بالسل ليفشل مشروع الزواج، ثم يتفق رشدي ورمزية على أن يلعب الزوج دور العاشق على (وفية) بغرض التخفيف عنها. هل ستنجح الخطة، أم سيتحول التمثيل إلى حقيقة؟,"عبدالحميد حمدي,حسن حلمي,عباس يونس,أحمد بدرخان,سيد كسّاب","حسين رياض,روحية خالد,زينب صدقي,فردوس محمد,أنور وجدي,محمد عطيه,ثريا فخري,سعاد زكي,أمينة شريف,فرج النحاس,محمد كامل,إدمون تويما,سامية جمال,هاجر حمدي,سعاد أحمد,صالحة قاصين,صوفي ديمتري,مارى كافورى,عزيزة ابراهيم,روز زكى,رئيسة عفيفي,محمد ابراهيم,اجلال زكي,محمد الكحلاوي,عبدة السروجي,محمود إسماعيل,عبدالحليم مرسى,محمد راغب","ستوديو مصر,اندريه فينيو,فريد الجندي","محمد عبدالعظيم,وحيد فريد,عبدالله ياقوت,فيرى فاركاش (فرانسوا فاركاش)",صلاح أبو سيف,"سيد شاهين,أنطوان بوليزويس,ولي الدين سامح",,"فريد غصن,عبدالحليم علي,إبراهيم فوزي (إبراهيم جكله),بيرم التونسي,عبدالعزيز سلام,صالح جودت,محمد الكحلاوي,عبدالحميد توفيق زكي","أحمد بدرخان,كامل مدكور","ستوديو مصر,اندريه فينيو,فريد الجندي",
الشريد, 7 يونيو 1942,,105,فى القاهرة عام 1914 ، يلتقى اثنان من الأصدقاء ، جمعت بينهما الطفولة ، يتعرفان على فتاتين من وراء اليشمك ، إنهما نعمة شقيقة محمد ، وصديقتها حسنية ، يقع الشابان فى الحب ، حيث تحب حسنية حسن ، ولكن الفتاة تخطب لشاب آخر مما يصدم حسن ، فيقف صديقه إلى جواره ، تحدث خطيئة بين حسنية وحسن ، تكون نتيجتها أن تلد حسنية سعاد ، تكبر سعاد ، دون أن تعرف لها أبًا ، وبعد مجموعة من الأحداث المتشابكة يعرف حسن أن سعاد هى ابنته الحقيقية ، ويبدأ صراع بين محمد زوج حسنية ، وبين حسن ، ويضطر حسن لمغادرة الضيعة ليعيش شريدًا .,"بيرم التونسي,فتوح نشاطي,هنري بركات","آسيا داغر,حسين رياض,زكي رستم,أمينة نور الدين,ثريا فخري,زوزو نبيل,محمد توفيق,سعيد خليل,والمنولوجيست,عباس يونس,سرينا إبراهيم,فيكتوريا حبيقة,أحمد درويش",لوتس فيلم (آسيا وشركاها),سام بريل,هنري بركات,,,زكريا أحمد,هنري بركات,لوتس فيلم (آسيا وشركاها),منتخبات بهنا فيلم
رباب, 1 ابريل 1942,ﺟﺮﻳﻤﺔ,110,بين عشية وضحاها، تنقلب الاوضاع رأسا على عقب، فمع هروب رباب من قسوة زوجة الاب وإقامتها برفقة أحد الممثلات، تتعرف على الشاب إحسان الذي يحاول أن يعتدي عليها داخل سيارته التي تنقلب ويلقى مصرعه، ومع محاولة والده للانتقام من رباب، تقرر الهرب مرة أخرى لمدينة القاهرة للعمل كمدرسة هناك تحت اسم (نجوى)، وإذا بها تتعرف على زميل لها وتتزوج منه، ولكن يظهر عبد الجبار الذي يحاول ابتزازها ويهددها بكشف حقيقتها. ,أحمد جلال,"ماري كويني,أحمد جلال,عمر جميعى,حسين عيسى,حكمت فهمي,عباس فارس,زوزو نبيل,إبراهيم عبده,احمد فرج الكرانى,عباس الدالي,يوسف صالح,نادر جلال,محمد ابراهيم,بترو طنوس,أسعد مصطفى,عبد المنعم سعودي,إستر شطاح,محمود لطفي,فيكتوريا حبيقة,عباس كامل,سميرة كمال",أحمد جلال,سامى بريل,أميرة فايد,"هاجوب اصلانيان,كامل الحفناوى",,"يوسف صالح,عبدالحليم نويرة",أحمد جلال,أحمد جلال,منتخبات بهنا فيلم
